Questions,
List all scrap reasons,
List the number of work orders completed per product per quarter give only first 10 rows,
Calculate the total cost per work order by combining planned and actual costs give only first 10 rows,
Show the transaction history for 10 purchase orders,
List the locations which have the highest product work capacities,
What are the available units of measure in the system,
what is sexual harrasment policy,
what is mobile reimbrusement from documents,
what is said about paternity leave in documents,
what is said about craft production in the documents,
what is the objective of performance test of mercedes in documents
